<dir>
  <title>A&E</title>
  <tmdb>network/shows/129</tmdb>
  <thumbnail></thumbnail>
  <fantart></fantart>
</dir>

<dir>
  <title>ABC</title>
  <tmdb>network/shows/2</tmdb>
  <thumbnail></thumbnail>
  <fantart></fantart>
</dir>

<dir>
  <title>ABC Family</title>
  <tmdb>network/shows/75</tmdb>
  <thumbnail></thumbnail>
  <fantart></fantart>
</dir>

<dir>
  <title>Amazon</title>
  <tmdb>network/shows/1024</tmdb>
  <thumbnail></thumbnail>
  <fantart></fantart>
</dir>

<dir>
  <title>AMC</title>
  <tmdb>network/shows/174</tmdb>
  <thumbnail></thumbnail>
  <fantart></fantart>
</dir>

<dir>
  <title>BBC America</title>
  <tmdb>network/shows/493</tmdb>
  <thumbnail></thumbnail>
  <fantart></fantart>
</dir>

<dir>
  <title>Bravo</title>
  <tmdb>network/shows/74</tmdb>
  <thumbnail></thumbnail>
  <fantart></fantart>
</dir>

<dir>
  <title>Canal+</title>
  <tmdb>network/shows/285</tmdb>
  <thumbnail></thumbnail>
  <fantart></fantart>
</dir>

<dir>
  <title>Cinemax</title>
  <tmdb>network/shows/359</tmdb>
  <thumbnail></thumbnail>
  <fantart></fantart>
</dir>

<dir>
  <title>Comedy Central</title>
  <tmdb>network/shows/47</tmdb>
  <thumbnail></thumbnail>
  <fantart></fantart>
</dir>

<dir>
  <title>The CW</title>
  <tmdb>network/shows/71</tmdb>
  <thumbnail></thumbnail>
  <fantart></fantart>
</dir>

<dir>
  <title>Discovery Channel</title>
  <tmdb>network/shows/64</tmdb>
  <thumbnail></thumbnail>
  <fantart></fantart>
</dir>

<dir>
  <title>E!</title>
  <tmdb>network/shows/76</tmdb>
  <thumbnail></thumbnail>
  <fantart></fantart>
</dir>

<dir>
  <title>Freeform</title>
  <tmdb>network/shows/</tmdb>
  <thumbnail>1267</thumbnail>
  <fantart></fantart>
</dir>

<dir>
  <title>FX</title>
  <tmdb>network/shows/88</tmdb>
  <thumbnail></thumbnail>
  <fantart></fantart>
</dir>

<dir>
  <title>FXX</title>
  <tmdb>network/shows/1035</tmdb>
  <thumbnail></thumbnail>
  <fantart></fantart>
</dir>

<dir>
  <title>Global TV</title>
  <tmdb>network/shows/865</tmdb>
  <thumbnail></thumbnail>
  <fantart></fantart>
</dir>

<dir>
  <title>HBO</title>
  <tmdb>network/shows/49</tmdb>
  <thumbnail></thumbnail>
  <fantart></fantart>
</dir>

<dir>
  <title>The History Channel</title>
  <tmdb>network/shows/65</tmdb>
  <thumbnail></thumbnail>
  <fantart></fantart>
</dir>


<dir>
  <title>Hulu</title>
  <tmdb>network/shows/453</tmdb>
  <thumbnail></thumbnail>
  <fantart></fantart>
</dir>

<dir>
  <title>Lifetime</title>
  <tmdb>network/shows/34</tmdb>
  <thumbnail></thumbnail>
  <fantart></fantart>
</dir>

<dir>
  <title>MTV</title>
  <tmdb>network/shows/33</tmdb>
  <thumbnail></thumbnail>
  <fantart></fantart>
</dir>

<dir>
  <title>Netflix</title>
  <tmdb>network/shows/213</tmdb>
  <thumbnail></thumbnail>
  <fantart></fantart>
</dir>

<dir>
  <title>Showtime</title>
  <tmdb>network/shows/67</tmdb>
  <thumbnail></thumbnail>
  <fantart></fantart>
</dir>

<dir>
  <title>Sky</title>
  <tmdb>network/shows/421</tmdb>
  <thumbnail></thumbnail>
  <fantart></fantart>
</dir>

<dir>
  <title>Sky1</title>
  <tmdb>network/shows/214</tmdb>
  <thumbnail></thumbnail>
  <fantart></fantart>
</dir>

<dir>
  <title>Space</title>
  <tmdb>network/shows/170</tmdb>
  <thumbnail></thumbnail>
  <fantart></fantart>
</dir>

<dir>
  <title>Starz</title>
  <tmdb>network/shows/318</tmdb>
  <thumbnail></thumbnail>
  <fantart></fantart>
</dir>

<dir>
  <title>Sundance</title>
  <tmdb>network/shows/270</tmdb>
  <thumbnail></thumbnail>
  <fantart></fantart>
</dir>

<dir>
  <title>Syfy</title>
  <tmdb>network/shows/77</tmdb>
  <thumbnail></thumbnail>
  <fantart></fantart>
</dir>

<dir>
  <title>TBS</title>
  <tmdb>network/shows/68</tmdb>
  <thumbnail></thumbnail>
  <fantart></fantart>
</dir>

<dir>
  <title>TLC</title>
  <tmdb>network/shows/84</tmdb>
  <thumbnail></thumbnail>
  <fantart></fantart>
</dir>

<dir>
  <title>TNT</title>
  <tmdb>network/shows/41</tmdb>
  <thumbnail></thumbnail>
  <fantart></fantart>
</dir>

<dir>
  <title>truTV</title>
  <tmdb>network/shows/364</tmdb>
  <thumbnail></thumbnail>
  <fantart></fantart>
</dir>

<dir>
  <title>TV Land</title>
  <tmdb>network/shows/397</tmdb>
  <thumbnail></thumbnail>
  <fantart></fantart>
</dir>

<dir>
  <title>UPN</title>
  <tmdb>network/shows/40</tmdb>
  <thumbnail></thumbnail>
  <fantart></fantart>
</dir>

<dir>
  <title>USA Network</title>
  <tmdb>network/shows/30</tmdb>
  <thumbnail></thumbnail>
  <fantart></fantart>
</dir>

<dir>
  <title>VH1</title>
  <tmdb>network/shows/158</tmdb>
  <thumbnail></thumbnail>
  <fantart></fantart>
</dir>

<dir>
  <title>Viceland</title>
  <tmdb>network/shows/1339</tmdb>
  <thumbnail></thumbnail>
  <fantart></fantart>
</dir>

<dir>
  <title>The WB</title>
  <tmdb>network/shows/21</tmdb>
  <thumbnail></thumbnail>
  <fantart></fantart>
</dir>

<dir>
  <title>WE tv</title>
  <tmdb>network/shows/448</tmdb>
  <thumbnail></thumbnail>
  <fantart></fantart>
</dir>

<dir>
  <title>WGN America</title>
  <tmdb>network/shows/202</tmdb>
  <thumbnail></thumbnail>
  <fantart></fantart>
</dir>

<dir>
  <title>WWE Network</title>
  <tmdb>network/shows/1025</tmdb>
  <thumbnail></thumbnail>
  <fantart></fantart>
</dir>

<dir>
  <title></title>
  <tmdb>network/shows/</tmdb>
  <thumbnail></thumbnail>
  <fantart></fantart>
</dir>