<dir>
  <title>Must See Movies</title>
  <link>file://lists.xml</link>
  <thumbnail>http://kritiktv.net/ktv/Images/ICONS/MUSTSEE.png</thumbnail>
</dir>

<dir>
  <title>Trending</title>
  <trakt>https://api.trakt.tv/movies/trending</trakt>
  <thumbnail>http://kritiktv.net/ktv/Images/ICONS/TRENDING.png</thumbnail>
</dir>

<dir>
  <title>Most Popular</title>
  <trakt>https://api.trakt.tv/movies/popular</trakt>
  <thumbnail>http://kritiktv.net/ktv/Images/ICONS/POPULAR.png</thumbnail>
</dir>

<dir>
  <title>Now Playing</title>
  <tmdb>movies/now_playing</tmdb>
  <thumbnail>http://kritiktv.net/ktv/Images/ICONS/NOWPLAYING.png</thumbnail>
</dir>

<dir>
  <title>Top Rated</title>
  <tmdb>movies/top_rated</tmdb>
  <thumbnail>http://kritiktv.net/ktv/Images/ICONS/TOPRATED.png</thumbnail>
</dir>

<dir>
  <title>Genres</title>
  <link>file://genres.xml</link>
  <thumbnail>http://kritiktv.net/ktv/Images/ICONS/GENRES.png</thumbnail>
</dir>

<dir>
  <title>Chick Flicks</title>
  <link>file://chicks.xml</link>
  <thumbnail>http://kritiktv.net/ktv/Images/ICONS/GENRES.png</thumbnail>
</dir>

<dir>
  <title>Collections</title>
  <link>file://Collections.xml</link>
  <thumbnail>http://kritiktv.net/ktv/Images/ICONS/COLLECTIONS.png</thumbnail>
</dir>

<dir>
  <title>More Collections</title>
  <link>file://MoreCollections.xml</link>
  <thumbnail>http://kritiktv.net/ktv/Images/ICONS/MORE.png</thumbnail>
</dir>

<dir>
  <title>Search Movies</title>
  <tmdb>search</tmdb>
  <thumbnail>http://kritiktv.net/ktv/Images/ICONS/SEARCHMOVIES.png</thumbnail>
</dir>
