﻿<?xml version="1.0" encoding="UTF-8" standalone="yes"?>
<addon id="plugin.video.ktvlive" name="[COLOR red]KTV Live 2.0[/COLOR]" version="2.1" provider-name="Kritik TV">
    <requires>
        <import addon="xbmc.python" version="2.19.0" />
        <import addon="script.module.universalscrapers" version="1.0.0" />
        <import addon="script.module.python.koding.aio" version="0.9.6.6" />
        <import addon="script.module.beautifulsoup" version="3.2.1" />
        <import addon="script.module.requests" version="2.9.1" />
        <import addon="script.module.addon.common" version="2.0.0" />
        <import addon="script.module.xmltodict" version="0.9.0" />
        <import addon="script.module.dateutil" />
		<import addon="script.module.feedparser" version="5.1.3"/>
        <!--<import addon="script.module.web-pdb" version="1.0"/>-->
        <import addon="script.module.resolveurl" />
        <!--<import addon="script.module.urlresolver" />-->
    </requires>
    <extension point="xbmc.python.pluginsource" library="default.py">
        <provides>audio video</provides>
    </extension>
    <extension point="xbmc.service" library="service.py" start="[login|startup]" />
    <extension point="xbmc.addon.metadata">
        <summary lang="en">The new and improved upgrade..!!</summary>
        <description lang="en">This is our new streamlined experience for the end user.. Enjoy..!!</description>
        <disclaimer lang="en">The author is not responsible for the use of this addon. The author is not responsible for the content found using this addon. The author does not host or own any content found within this addon.[CR]The author is in no way affiliated with Kodi, Team Kodi, or the XBMC Foundation.[CR]This is a Non-profit resource, organized solely for educational purposes which is protected under the Fair-Use doctrine of the Copyright Act, Specifically section 107, which does promote freedom of expression, by permitting the unlicensed use of copyright-protected works.</disclaimer>
        <platform>all</platform>
        <website>http://ktvlive.net</website>
        <video_guide>https://youtu.be/0kFhoWahtFw</video_guide>
        <reuselanguageinvoker>false</reuselanguageinvoker>
    </extension>
</addon>
